{
  "name": "Event",
  "plural": "events",
  "base": "PersistedModel",
  "properties": {
    "name": {
      "type": "string",
      "required": true
    },
    "description": {
      "type": "string"
    },
    "startDate": {
      "type": "date",
      "required": true
    },
    "endDate": {
      "type": "date"
    },
    "location": {
      "type": "String"
    },
    "url": {
      "type": "String"
    },
    "image": {
      "type": "String"
    }
  },
  "validations": [],
  "relations": {},
  "acls": [],
  "methods": {}
}
