{
  "name": "Meta",
  "plural": "Meta",
  "base": "Model",
  "idInjection": true,
  "options": {
    "validateUpsert": true
  },
  "properties": {},
  "validations": [],
  "relations": {},
  "acls": [
    {
      "accessType": "*",
      "principalType": "ROLE",
      "principalId": "$unauthenticated",
      "permission": "ALLOW"
    }
  ],
  "methods": {
    "getModels": {
      "isStatic": true,
      "accepts": [],
      "returns": {
        "arg": "result",
        "type": "array",
        "root": true
      },
      "description": "Get all Models",
      "http": {
        "path": "/",
        "verb": "get"
      }
    },
    "getModelById": {
      "isStatic": true,
      "accepts": {
        "arg": "name",
        "type": "any",
        "description": "Model name",
        "required": true
      },
      "returns": {
        "arg": "result",
        "type": "object",
        "root": true
      },
      "description": "Get a Model by name",
      "http": {
        "path": "/:name",
        "verb": "get"
      }
    }
  }
}
