{
  "name": "TravellerInfo",
  "plural": "travellerInfos",
  "base": "PersistedModel",
  "idInjection": true,
  "options": {
    "validateUpsert": true
  },
  "properties": {
    "name": {
      "type": "string"
    },
    "guestInfo": {
      "type": "array"
    },
    "address": {
      "type": "string"
    },
    "country": {
      "type": "Object"
    },
    "city" : {
      "type": "string"
    },
    "zipCode": {
      "type": "string"
    },
    "email": {
      "type": "string"
    },
    "cellphone": {
      "type": "number"
    },
    "cardholderName": {
      "type": "string"
    },
    "cardNumber": {
      "type": "number"
    },
    "expiry": {
      "type": "Object"
    },
    "cvv": {
      "type": "number"
    }
  },
  "validations": [],
  "relations": {
    "bookings": {
      "type": "hasMany",
      "model": "Booking",
      "foreignKey": ""
    }
  },
  "acls": [],
  "methods": {}
}
