{
  "_meta": {
    "sources": [
      "loopback/common/models",
      "loopback/server/models",
      "../common/models",
      "./models",
      "../node_modules/loopback-component-passport/lib/models"
    ],
    "mixins": [
      "loopback/common/mixins",
      "loopback/server/mixins",
      "../common/mixins",
      "./mixins"
    ]
  },
  "User": {
    "dataSource": "db",
    "public": false
  },
  "accessToken": {
    "dataSource": "db",
    "public": true
  },
  "userCredential": {
    "dataSource": "db",
    "public": true
  },
  "userIdentity": {
    "dataSource": "db",
    "public": true
  },
  "ACL": {
    "dataSource": "db",
    "public": false
  },
  "RoleMapping": {
    "dataSource": "db",
    "public": true
  },
  "Role": {
    "dataSource": "db",
    "public": true
  },
  "AppModel": {
    "dataSource": "db",
    "public": false
  },
  "Page": {
    "dataSource": "db",
    "public": true
  },
  "Note": {
    "dataSource": "db",
    "public": true
  },
  "Post": {
    "dataSource": "db",
    "public": true
  },
  "Setting": {
    "dataSource": "db",
    "public": true
  },
  "Product": {
    "dataSource": "db",
    "public": true
  },
  "Category": {
    "dataSource": "db",
    "public": true
  },
  "Event": {
    "dataSource": "db",
    "public": true
  },
  "AuthProvider": {
    "dataSource": "db",
    "public": true
  },
  "user": {
    "dataSource": "db",
    "public": true
  },
  "Meta": {
    "dataSource": "db",
    "public": true
  },
  "Booking": {
    "dataSource": "db",
    "public": true
  },
  "TravellerInfo": {
    "dataSource": "db",
    "public": true
  },
  "Tour": {
    "dataSource": "db",
    "public": true
  },
  "Temp": {
    "dataSource": "db",
    "public": true
  }
}
